Likes,Date,Comments
5742,1/1/2024,87
7842,1/2/2024,823
7488,1/4/2024,35
7304,1/5/2024,471
13198,1/6/2024,316
6415,1/7/2024,347
1356,1/8/2024,22
3575,1/9/2024,84
8414,1/10/2024,500
3629,1/11/2024,44
9241,1/12/2024,316
10547,1/13/2024,387
1208,1/14/2024,23
22438,1/16/2024,470
6885,1/17/2024,279
1326,1/18/2024,23
6678,1/19/2024,299
12533,1/20/2024,1237
1311,1/21/2024,25
8869,1/22/2024,242
12658,1/23/2024,543
7137,1/25/2024,136
20897,1/26/2024,1123
6766,1/27/2024,43
12034,1/28/2024,311
5351,1/29/2024,321
1646,1/30/2024,17
15399,1/31/2024,149
10898,2/2/2024,1097
13057,2/2/2024,546
6463,2/3/2024,21
702,2/4/2024,20
10283,2/5/2024,185
5838,2/5/2024,80
772,2/6/2024,8
9984,2/7/2024,152
8201,2/8/2024,352
20810,2/10/2024,424
454,2/12/2024,4
7600,2/12/2024,571
2567,2/13/2024,24
3291,2/13/2024,408
6188,2/14/2024,44
1436,2/15/2024,13
4085,2/16/2024,113
11579,2/17/2024,395
2177,2/18/2024,20
5334,2/19/2024,93
4711,2/20/2024,111
194,2/21/2024,13
6109,2/23/2024,99
8290,2/24/2024,377
1644,2/26/2024,8
4740,2/26/2024,213
2967,2/27/2024,151
1116,2/28/2024,57
1117,2/28/2024,8
4115,2/29/2024,397
8759,3/1/2024,1002
1163,3/2/2024,14
7402,3/4/2024,298
24233,3/4/2024,1232
1356,3/6/2024,17
542,3/6/2024,4
9493,3/7/2024,51
327,3/8/2024,3
